task_id,task_type,execution_time,system_load,external_factor,priority,target
1,type3,0.6203506184924633,0.8812510210967053,1.2132068832826177,1,1.8882071138132372
2,type1,1.286767084355382,0.825332860105859,0.6992152748940531,1,2.063743533010033
3,type3,1.1155952404844922,0.8110273926763553,1.3902150026361744,2,2.7472370574744307
4,type3,1.9735679253629095,0.3742112251882367,0.7874095964655797,1,2.9911378009813756
5,type1,0.6680583532520785,0.17282735474612698,0.8677859877561529,1,2.1654288986893633
6,type1,1.0967833985686124,0.46268216088864533,0.5580919520803498,4,2.624947642088343
7,type3,1.9542056499130533,0.2561720634878578,0.6115122123212764,4,1.6538820486733505
8,type2,1.7982606888409705,0.7254559800122156,1.0158619027123281,3,1.6114879148945822
9,type3,1.72560810642392,0.411489753884007,0.7675926767279715,2,1.8054074419891204
10,type3,0.8868542405674098,0.9780491807739234,1.3354802257421943,4,2.345014525347298
11,type3,0.7563313810850987,0.6768748696107988,0.5146933886549538,1,2.3643833785101975
12,type3,1.5029648298866465,0.8402325072709248,0.8790940486719362,3,1.6304788692989016
13,type1,1.8940639836913786,0.21927220546766357,0.8373455467690927,4,1.2664198482732574
14,type3,1.3351443395208946,0.8758130340453603,0.519327630917601,2,2.264792512931017
15,type2,1.3574190342048498,0.9304814714620548,0.6243683990005102,2,1.256651724377529
16,type1,0.9199686404904263,0.5383557269370424,0.9136426749186353,3,2.15698501645866
17,type2,1.6542393997879055,0.6456276439758797,0.9928645844474466,3,2.386844256112618
18,type2,0.7805656228362851,0.7883288208126958,0.9042897472548691,3,2.4012229927889033
19,type2,0.9855188546063656,0.25735476453437134,1.0309376784120938,3,2.5069442213191935
20,type2,1.1381546579246251,0.5523094688170982,1.0951316749056814,3,2.7457188431313293
21,type1,1.2614155680266825,0.45879672499508184,0.5099238211278356,1,1.9999179839295769
22,type1,0.8636145986226204,0.23173659294602422,0.9640951594535039,1,2.4604983790591426
23,type2,0.6722552371088053,0.4307809800623783,1.4634992408875882,4,2.2383454707316734
24,type2,1.415930063662449,0.16135507844694422,1.0190322801295486,2,1.3732798795953651
25,type1,0.9329458298603837,0.1232307162545383,1.177542267458953,1,1.0513792897388163
26,type1,1.3718573321339185,0.2216496602393405,0.8118638579168832,1,1.5690827713538675
27,type1,0.7315440729113034,0.9668036004302565,1.2739913781527625,1,1.8860674126752388
28,type3,1.2217101527822263,0.5945765823055152,1.2729214818761152,4,2.2342118888573124
29,type3,1.2988841488273788,0.9692399450378979,1.0212960476541388,3,2.6999186610064108
30,type3,0.5777353052336404,0.4892480904971188,1.4760138232792137,4,1.3924914334123313
31,type2,1.0049064172908808,0.3806345197767337,0.6255502147626534,2,1.2510995797969542
32,type3,0.7016220154084614,0.5555276765562197,0.516947664889581,2,2.926959894948655
33,type2,0.5950624557091516,0.4955605197696191,1.270158211757096,2,1.2160891187528142
34,type2,1.9849403485849177,0.19509821583556952,1.3071555373648827,2,1.9569821402143783
35,type3,0.9835307674620845,0.6767436832211856,0.6202072291205762,1,2.1711274575866035
36,type2,1.7148116687819523,0.29443436425863967,0.7655828329586061,1,2.0827488418148765
37,type3,0.8819609821456458,0.6576291594080467,0.5175523633666289,4,1.1720643140658864
38,type3,1.522254083335894,0.6851809831583381,0.7933086107805647,3,1.1140538280072387
39,type1,1.6403417898345298,0.2368223678157833,1.2731418739186715,2,1.2109668549220713
40,type3,1.3934581109117663,0.15521466439960135,1.017960527712579,4,2.1711753677452252
41,type1,1.2073642828252376,0.8026854274615959,0.8480955931682881,1,2.088689775268642
42,type3,1.1177613712209027,0.5138203813923882,0.8717392949063303,1,1.4674815840734885
43,type3,1.023302399814493,0.15234741595492823,0.5013536257154682,3,2.275548283691183
44,type1,1.8942937163717388,0.9953796854527904,0.7998005275652359,3,2.6401350041112988
45,type1,1.7459291116815936,0.15200250489672998,1.1464587416379306,3,1.0831579196931875
46,type3,1.9475403659997688,0.7255317059726979,1.4741944438163572,4,1.9962598870960848
47,type2,0.6864458352283171,0.9853110327370722,1.3470608269838995,1,2.3786208242053806
48,type1,1.5963012128054663,0.31526209379433306,0.5235949646455291,1,1.5046238541393742
49,type2,1.9075106852315566,0.22802443181847656,1.3985606046748393,3,1.6155418105862982
50,type2,0.7718495992484902,0.209246445480186,1.283198413298626,2,2.227275805978768
51,type2,0.5997444010501662,0.372947632810836,1.2803761235709805,3,2.7958705868874736
52,type1,1.6116809739350886,0.190941229909582,0.9579957590035715,4,2.6198488406057985
53,type2,1.3617096697698678,0.7229452075247187,0.8980052929545028,3,2.166260438199167
54,type1,1.7627431651374081,0.15606261831705642,0.8029157288331926,3,2.4604434355144984
55,type2,0.7096585649394342,0.5584799153348108,0.5656948589543658,4,1.7296449404155974
56,type3,1.6929009677898352,0.9970271684676791,0.7282353634936991,3,2.2819310561975152
57,type3,0.8024409800716168,0.8325732425554169,0.7466036349780246,1,1.932363182255114
58,type1,0.7454839142985568,0.6536974944079098,0.9840770697102016,2,1.3798722729151218
59,type3,0.7463986968964894,0.37562825870795047,1.2474444065966939,3,2.403476547754514
60,type3,1.7218620803470732,0.6615062526624746,0.9738098283979466,4,2.112929274697644
61,type2,1.4977958310443003,0.5743373175204864,0.5578444494471606,2,1.7172431639071828
62,type1,1.284598137153679,0.48347504550133436,1.4577898009882038,4,2.8226783801572615
63,type2,1.0382457261852538,0.21763933906617955,1.4427243190941121,2,1.0418682356534665
64,type2,1.8158008112196624,0.8979437937164201,1.2851895431484084,2,1.631546302498992
65,type2,1.088667661133953,0.5048061839391903,1.4913279015642207,3,1.1137627955552931
66,type2,1.7248991592073657,0.2751602606386886,1.0444823328002628,1,2.533054632443254
67,type2,1.1587023628553277,0.4309834157895607,1.462768350253206,3,2.404214908227585
68,type2,1.0654166441373614,0.47271677727603434,0.5756050406167508,4,1.662704437472634
69,type2,1.1940196785044097,0.8447841060101868,0.8656807482613713,4,2.351325804414146
70,type1,0.9520668112462132,0.7602529425052619,0.7253812680067658,2,1.7918744523918997
71,type3,1.6214140702643767,0.7923744042772058,0.69583308413427,2,2.5125075828448686
72,type2,1.2540805851387187,0.10992813798578249,0.6408029488926761,1,1.9083673254734121
73,type2,0.848319042720226,0.47453859836178536,1.1224136415659967,3,1.824559455663331
74,type2,1.8493618599118526,0.5332097364717913,1.2813218557473052,4,2.869459830976602
75,type2,1.075836832059817,0.11727304914075103,1.0782983994203605,2,1.5017581997814005
76,type2,1.315329291670983,0.3338318878705308,0.6469627095882097,1,1.2408946799931309
77,type2,1.8597081664468205,0.7842608408099215,1.311123769933471,4,2.1690862265189166
78,type3,1.4363569938709881,0.22339873515609915,1.1359547071637284,2,2.938643624568358
79,type3,0.675347061062546,0.5817791183073325,0.8881657061269955,4,1.7556784274543733
80,type2,1.9097481854202127,0.29368168481551377,1.174130295536063,1,1.124073527257563
81,type3,1.441562079607127,0.11090869717950395,0.7599049792428328,1,1.678610534619135
82,type1,1.0023584219856292,0.3170813118395873,0.8451922084942105,4,2.011863308639117
83,type2,0.7089081089950808,0.9782863794190484,1.41748584313199,3,1.3238460132644274
84,type1,1.691037783905444,0.8213834006946906,0.7905045056714204,4,2.316204436112984
85,type1,1.4301091338927703,0.9636189798889301,0.9699882681579366,2,2.9954987780204014
86,type2,1.3001916379644822,0.5390686395337262,1.3901411373960146,3,1.9034789519628876
87,type3,1.8408388745764364,0.19876257880975318,1.2077213502675275,2,1.7094571134604253
88,type1,1.6828958168367962,0.5931635400763237,0.5622032261647028,4,1.8014083336689333
89,type2,0.7275123195991268,0.5089396011039649,0.6473030442789703,3,1.2302923567904023
90,type1,0.9675831016933223,0.8599213744656543,0.5078415907719168,2,2.766547202852448
91,type1,0.8727337097216986,0.18827432270582012,1.1309217902291633,4,1.829651311042704
92,type1,1.6159194388590155,0.5394170233196004,0.9476734254104183,4,1.7745488228496826
93,type1,0.550298652103669,0.23504379822458585,0.6342748509022755,3,2.3193805458609487
94,type3,1.3548345273069748,0.39220833420105394,1.4579341210567704,4,1.884066841862247
95,type1,1.6436880286110358,0.7636213696490197,1.02965972394562,1,2.2964669376156923
96,type1,1.8151484551426242,0.5284163164318899,0.7418932941128892,2,1.122892580261575
97,type1,1.0131226230738613,0.4382994566311924,1.0006035711547074,2,2.627446687444455
98,type3,1.7318859570080192,0.4550286507130318,1.1796203327351078,4,2.881007905758805
99,type1,0.6659476054328108,0.513502091565388,0.5762392179735645,4,2.2975307723187717
100,type1,1.7696784376017773,0.8065148894533511,0.774703815047892,1,2.9091318577176217
101,type3,0.6912329934979736,0.9028762200462109,1.3069654908839936,3,1.3028646287399266
102,type3,1.095930935840551,0.9598012178535354,0.9596648704026612,4,1.9548323789607074
103,type3,1.6959430486693305,0.8082130476297655,1.046577142032295,4,2.2036134678908947
104,type1,0.7248761410231607,0.38386620617321143,0.9328160022094693,4,2.1634732948423734
105,type3,0.8438770928489623,0.719321235477888,0.5438999426430051,4,1.8029235581780865
106,type3,1.5833788525895995,0.4938428116498528,0.6657497798201559,2,1.6761688187325228
107,type1,1.5800548048191114,0.32920355984144606,0.9455416387418909,4,1.2536480451008376
108,type3,1.461721449327946,0.8567844214833303,0.7091854654079278,2,1.7834849011245564
109,type1,1.54092266670065,0.1345837140660925,0.5499790286596787,4,1.3253216302109703
110,type2,1.3140866650213943,0.9115857929218811,1.3436496640518238,3,2.468731352984437
111,type3,0.8776985883604291,0.5153297181622608,1.4811925291641157,1,1.41766187098918
112,type2,1.0185439902558793,0.6734813291274524,1.2931428739967394,3,1.1171306105690677
113,type1,0.7723965752021384,0.6934185299852045,1.353784921704667,4,2.1047322756344684
114,type3,1.8626758420004426,0.9056059666358828,0.7419771303170454,4,2.190459465438803
115,type1,1.3750876921491808,0.6730027139504866,1.4606269755131998,4,2.743826122561011
116,type2,1.1012771251454598,0.6525402262840556,0.6969257044534284,3,2.1539632248353637
117,type1,1.193008705466199,0.15998683650462098,1.4514298103618324,4,1.6909617074468914
118,type3,1.920925009417723,0.5665672197506837,1.494819293965951,3,2.606023763052641
119,type3,0.7300271046741202,0.2351521007353375,1.2117228057460487,2,2.0805577863748423
120,type2,1.379344748025196,0.7636903918493371,1.481143731791822,1,1.1585605692623835
121,type1,1.258833018326699,0.560999728731407,1.0695397795671036,1,2.1317011206264933
122,type3,1.4171813531519717,0.712205001287518,0.7595417831760903,3,2.8160370908433245
123,type2,0.5271652757312608,0.13750561054214586,0.9369958856656209,2,1.792625250996441
124,type3,1.8081858634162273,0.1763128144412229,1.093560935378786,3,1.5926516037996001
125,type3,1.8981774237254185,0.744691049256414,0.573081562027015,2,1.28693891403604
126,type1,1.3476997753838134,0.16487590239880603,1.1223432646172462,4,1.3028910438707146
127,type3,1.5449762358153385,0.16413105498873276,1.4811778367622945,2,1.8655429686836378
128,type1,1.8837490717659435,0.11089762771139872,0.6901076497837276,2,2.191359648323059
129,type3,1.560857951470098,0.9608512584695321,1.2925951162883833,2,1.1612308103392035
130,type2,0.728808564371392,0.7637575235131062,1.4078987937796192,1,2.8791371780503314
131,type3,1.3644325402502198,0.4179262676518578,1.4437015928202208,2,2.510267234890392
132,type1,1.4100725695742837,0.36688202315888974,1.4601356044054472,4,2.1732478365673256
133,type1,1.136196006953579,0.4147329067712646,1.0214596387214718,4,2.6568773418779816
134,type2,1.6046663534370842,0.7971881780630636,1.4773079079915037,4,1.1603735136242266
135,type3,1.9015505221535223,0.6952335499633729,1.2573102071344389,2,1.9536777554662488
136,type3,1.8883527693601645,0.26667601108072114,0.6616714362369619,3,2.260186253723327
137,type2,1.1762590571061982,0.25669840180067593,0.97690010646797,3,2.6573058122365785
138,type3,0.6698570687611329,0.1885560847420576,1.218331175372004,4,2.566939120098535
139,type3,1.977261798443502,0.6942724477312043,0.7473403158190833,1,1.5541384994267993
140,type1,1.758347129668901,0.7879353959995623,1.1406151835488874,3,2.881760339118409
141,type3,0.6869940218049002,0.33854178549250363,1.1666004790466191,2,1.2486916828617407
142,type3,1.8812628239260585,0.11885046492782153,0.6626997438085659,3,2.750267237242304
143,type2,1.8048445430931923,0.1739545007287846,1.0650853124527564,4,2.941880499209237
144,type2,1.2782570856891082,0.9710740313605274,1.2716269109786076,1,1.3543070464452511
145,type1,1.3869131536173938,0.3659002997296783,0.9988956645359419,3,2.4441321284075705
146,type3,1.0985040558051953,0.7923008330543202,0.5121031167761074,3,1.080571037555997
147,type3,0.582142458233047,0.6621972119688374,0.5090384690792922,4,1.81084565027831
148,type3,1.0027958624688513,0.44374567568760637,0.8570293439700122,1,2.032566598395348
149,type1,1.7042801728970172,0.2851185359759996,1.426194068431782,1,2.1612904518192684
150,type1,0.5069480345069043,0.2092477763434658,0.7286767796036088,4,2.871874496497119
151,type2,1.0002487575367163,0.65351167123498,1.1343636888716873,2,2.3445013745883894
152,type1,1.097253040386415,0.7971704025740092,0.7220758706933206,3,1.962555902438474
153,type3,1.3060934044068844,0.6795138281870176,0.8216699896595486,2,2.6193500725317787
154,type3,1.8797834246191407,0.5772719199242425,1.348042089601484,3,2.9010656419088177
155,type1,1.0195189915489418,0.13775610108847264,1.2288614422699469,3,1.0441322973645817
156,type3,1.0204298028443415,0.9716398998349454,0.5953992773132106,2,2.9650425445120776
157,type3,1.6062518721646226,0.8188427724891171,0.9287020209864336,4,1.1722642781273607
158,type1,1.1783269113347108,0.36353983303086823,0.5291697636452645,4,2.6287735585375227
159,type1,0.8369072344099729,0.9819732964229656,0.980890146603009,3,1.560669505102825
160,type3,1.17865927419904,0.6416934306726899,1.162434011701068,4,1.2643593155077435
161,type3,0.7112855305696998,0.6241803923865218,0.6185026235981516,3,1.8797112794276698
162,type3,0.764580479759335,0.7732658614865789,0.7888849389091657,4,2.2879131588952273
163,type2,1.2475516591092197,0.8305928092811238,0.8978366255021569,3,1.76190369004695
164,type2,1.1283881742568218,0.6908307465983524,1.4195310246560497,4,1.109130816565398
165,type2,1.8722688516021502,0.21528617172958003,1.493255015422964,1,2.1989222793174332
166,type1,1.0435908486749497,0.40444075539504853,0.5449112989956159,2,2.8048065522213497
167,type2,1.3708825254170651,0.9352752762934448,1.261007923495392,1,1.7664307318945034
168,type1,1.4483964318792957,0.30215405065946677,0.8717240664023432,2,1.432665555261654
169,type1,0.5196416848825005,0.434950321453762,0.89245818622948,2,1.8851546918656308
170,type2,1.4953060580250659,0.4888691946497764,1.2542649733470226,3,1.0967254220975617
171,type2,0.7670539503046272,0.495464490725007,1.4184264321454085,2,2.6409751689605496
172,type2,1.9416054762041828,0.651645624245073,1.4509285945025483,1,2.6526816219003733
173,type3,0.7229940916296694,0.9487682539702368,1.0771225860383207,1,2.176000926859257
174,type2,1.1219361855905357,0.31662344064925446,0.8571211593005028,4,1.706205777876779
175,type3,0.6280245021179658,0.20935123867082628,1.2875490858587793,1,2.599566728891567
176,type1,1.995311377768921,0.27772344087394363,0.7510013832623003,4,2.1093740495767346
177,type3,1.253292515496864,0.8982324101883425,1.0640740288335178,2,2.651864617100032
178,type2,1.3930775259800656,0.6812297313896855,0.8585784615248732,1,2.2629175851660412
179,type1,0.6006147160826412,0.35731611031524413,1.1566310737078762,2,2.568810946425595
180,type1,1.6249407055987666,0.8343522450717555,0.7403989128935069,1,2.1971259864355197
181,type1,0.8148583896433786,0.8752329967270924,0.6915929457348258,1,1.8282821364313324
182,type3,1.8470814341610706,0.8618629048212503,1.418239086675437,4,2.915891719852275
183,type2,0.8077094607230108,0.927033880275599,0.6018036829495369,2,2.0822276497576895
184,type1,0.7860315809954999,0.3270169181560254,1.0059579077349317,1,2.210179037081077
185,type1,0.5548245017721423,0.7795377358716504,0.7208527829630089,3,1.4409752788294985
186,type1,1.208100417664999,0.514485547546726,0.5389299633256674,2,2.251301578854553
187,type3,1.3472616998939246,0.8577986976010554,0.5360188182914264,2,2.1432152989658877
188,type3,0.5985629591425286,0.7556416094454519,0.6752217721058273,2,1.36967679589405
189,type2,1.663291425042516,0.7988027018497522,1.3667703545060004,4,1.1191741947062874
190,type3,1.1799332521220414,0.6905456539129643,0.7824787439770267,3,2.2087186394295424
191,type1,1.28658540399137,0.2596858925227362,1.4504591705752956,2,2.527384538700641
192,type2,1.1611441204073423,0.5905242270072445,1.0816222929891937,1,2.0468027418440164
193,type1,1.101144591312989,0.9862027655720573,0.9366141897687661,1,1.4535452506392914
194,type1,1.3394604969623267,0.943649259847407,1.0800888346694546,4,2.3330439533860696
195,type3,0.7328603688960688,0.1388563622173105,1.0166983852262677,1,1.1602114532192045
196,type2,0.7728921957429067,0.24833333415649342,1.258776253757325,2,1.8836674096039092
197,type3,1.792678431520276,0.21855589610910572,0.7824960659728523,1,1.3267335167968404
198,type3,1.9191731932004492,0.753381918986766,0.8530503916003024,2,1.3689181021197667
199,type2,1.0599639744196294,0.8360067968712506,1.3940943025332508,1,1.4045878983164073
200,type1,0.9061170097153306,0.29216022967960475,1.4464565131504055,3,1.7734141140879558
201,type1,1.4659993148585237,0.5552674236566462,1.3925582274864745,4,1.1023004112407953
202,type2,1.1131012566471445,0.85663272521008,0.9194479939573136,4,1.7955868818581964
203,type1,0.5380795334905173,0.7595213902896255,1.2803655030068817,3,2.0234148942294015
204,type2,0.7342288960492855,0.5880134849426635,0.9763357333010988,3,1.9665885699326504
205,type2,1.5739583432710962,0.6313129214128956,0.9975398521461022,4,1.7655682008060811
206,type3,1.488385912865227,0.557524492224652,0.704680109057284,3,2.6782932161415047
207,type2,0.5406439887552252,0.36779360618693857,1.0911303032585165,2,1.2906533848410082
208,type3,0.8329582428994242,0.6085197935731145,0.6861358977533479,1,2.011393487562748
209,type1,0.846612194882107,0.7199967718450816,0.8315646990671938,4,1.1240828339131086
210,type1,1.5078391153980926,0.8859906242747269,1.3550302016199351,3,1.1423113577558195
211,type1,0.5295658066315463,0.6726622185813232,0.7070758092108552,2,2.1477316993541926
212,type1,0.6561628729768607,0.7850093833388422,0.5711582851734328,4,2.132036849775642
213,type3,1.699874128059784,0.2440644714591157,0.5690075926128163,3,2.756067025688914
214,type1,0.7678169930815004,0.515401726977811,1.440784520503108,4,2.115747351320146
215,type2,1.479119161777812,0.10839845784438397,1.0069204379618346,3,2.9195820408097006
216,type2,0.8572741715700898,0.3220109780694607,0.9094120718170183,4,1.0973896967998595
217,type2,0.6491620891390177,0.7538155436017043,1.3108785810079184,2,1.1960153695614821
218,type3,0.8647582864991812,0.9926289562144271,1.335825927910516,2,1.0881317231407628
219,type1,1.5834003977834887,0.18926028962849434,0.8321910331156046,1,1.37055370066708
220,type1,1.7835447021594286,0.4613448842751594,1.1936180574737953,4,2.082540221883356
221,type1,1.7453297968504873,0.8200638718292436,1.2711228158518866,1,2.291144362854856
222,type3,1.0957752944276822,0.28363207116600897,1.1546506868659545,4,1.0911703158973376
223,type2,1.5021277048559694,0.5995764543720576,0.6515950748000994,3,2.891941779691199
224,type2,0.8074764431237315,0.7597641664267073,1.375883083517057,3,2.6843307533007623
225,type1,0.9397215953915199,0.6543869052341611,1.0390945527360087,1,1.5932249643141863
226,type2,1.8445037277816796,0.26922226115387454,0.7824724263700037,4,1.154375060452936
227,type2,0.5195028852661041,0.41984611181716547,0.9252281854376939,1,1.3397741464381145
228,type3,0.6282627962817021,0.8054126060368575,0.5375710903989074,2,1.2538888275099453
229,type3,0.811829382719041,0.598803862718815,0.6278668012224176,1,1.2465675585978937
230,type3,0.5397983058107296,0.10470665218862146,1.2655467505158609,1,2.0371233773314676
231,type3,0.772153152634696,0.7848916840252844,0.5000116347553661,3,1.4916948849868006
232,type1,1.3745623414545383,0.13178021944621518,0.9165658284822922,1,1.716279433058289
233,type3,1.132136825888747,0.771160404458109,1.0225101810855883,4,2.979010666768645
234,type2,1.8390075666154622,0.2822325041487137,0.5546344200009723,3,2.3686284978506897
235,type1,1.7261653426076613,0.9622661321074422,1.4730781629723328,1,2.8979613340940027
236,type2,1.012726027546814,0.4311466761718761,0.7261253312496719,2,1.2851131100662312
237,type2,0.8891351501469387,0.3942384547042712,0.8041987196362809,1,1.7642789496651385
238,type2,1.0695386122509003,0.23399924529920021,0.8039425122550273,1,2.1094636065647085
239,type3,1.3854424137722117,0.37504379394119336,0.7304166621173499,1,1.153516123777476
240,type3,0.9020954612343144,0.8889856856453805,0.5014738220863114,3,1.0083748872559157
241,type1,1.436223361773701,0.9967009038645226,1.2293447940879965,4,2.340868667593835
242,type1,1.1141174782868606,0.43147857745616347,1.4668454997992852,2,2.2836390336028707
243,type3,1.3280707712779702,0.5037495678590883,0.7242934832850451,1,1.8215776199992235
244,type2,1.154189793702975,0.7498638443824633,1.1630471918034224,4,1.9792881520640653
245,type1,0.9416986393128766,0.8975762024185671,1.241896326958715,4,1.8308860011841792
246,type3,1.922679960443235,0.6337399007681057,1.3484253790905247,3,1.0480100896897777
247,type3,1.6454086912396413,0.4523731283600464,0.9226291970136091,2,1.6707432124349249
248,type3,0.7101697636496789,0.47135965676376135,0.8029309056404292,3,1.3541645107945797
249,type2,1.8027019638468693,0.7260563318471261,0.8252951340230311,4,1.1968483782027375
250,type3,1.2311467973742705,0.10289643724385082,1.2126213330985127,4,2.9134408677786996
251,type3,1.841828340341137,0.6576304037138566,1.316779466505636,4,2.1987194500843312
252,type3,1.6997828839209728,0.4199437093972217,0.6816139677566027,3,2.4573125684732053
253,type3,1.1378202567038502,0.8147775981493758,0.8709410081577652,2,1.630727486532235
254,type1,0.533703962480176,0.18369157584081897,1.40194019674915,1,1.7862942589880304
255,type1,0.9030160390774191,0.6293820402535515,1.3066935196947393,3,1.473847987793447
256,type3,1.3124513219913003,0.5328756008975114,1.4848584027624758,4,1.1939313419308495
257,type2,1.450217329739221,0.6780929733147046,1.2542482596820808,3,1.3580632748831676
258,type1,0.8868315281498034,0.1583682350346715,0.8931952010279223,4,2.5950280905929715
259,type3,0.7090341111092362,0.6219854086853182,1.0906378339946379,1,2.355091610367552
260,type1,1.7523953551989486,0.6053361291635714,1.1610142542473203,1,2.093857751970954
261,type1,1.9766032710553283,0.6045940849745538,0.578455816317124,2,1.9501797457335361
262,type2,1.2885352734540287,0.6431388999368093,1.044496959103865,4,2.8448685673122487
263,type3,0.7575189287724553,0.708821143503726,1.2093208284726096,2,1.1454698955573368
264,type3,0.9084609897790534,0.8244900997126928,0.6673213040010604,2,1.561201626475832
265,type2,0.5275860148212002,0.3428386481153929,1.2806317174255573,1,1.699875707141428
266,type2,1.8714482098407486,0.8425444691620558,1.0837727805141117,3,2.5648516244255757
267,type3,0.6766266243352117,0.5484301140371083,1.4522217856975947,3,2.985029240323943
268,type3,1.3647747132713803,0.16935245122089804,0.5424222982068917,2,1.4813410295143061
269,type2,0.911082831030809,0.15269583631958128,0.765326137555467,1,2.7486146682741612
270,type1,1.3312670037736902,0.4008144868264547,1.101553879299824,4,2.6612455208635826
271,type1,1.4771305825277963,0.8064072794003208,0.7965599122059307,3,1.4493147952835332
272,type2,1.7446127055608025,0.7369128412668242,1.214424164071242,2,1.7986651603984452
273,type1,0.8096319076409049,0.8097534682051658,1.259005282521931,3,1.8193457385850382
274,type2,0.5164937429877208,0.5655421507974484,0.6025159640664745,3,2.956441337053117
275,type1,0.7053284451032109,0.49617909815994155,1.0138544642067677,4,1.3617838027577966
276,type1,1.8500279627721576,0.23270727403565555,1.008890555591056,1,2.598315942209564
277,type3,1.8108351163437728,0.39537347824838043,0.8692807702155411,4,1.6683854283462198
278,type3,1.3961196532554625,0.4906174295564878,1.432924862569672,1,2.461740691552321
279,type1,1.40077529065048,0.17974038671165551,1.3275063198732213,3,1.8400220085913257
280,type1,1.4975550118193832,0.29855075744009013,1.1972093819096368,2,2.15671952623308
281,type3,0.7630569179351744,0.6384027646573649,1.2143266357349976,4,2.6652235466522622
282,type3,1.8716179188874396,0.7620968028152708,0.9617161438131191,1,2.6083311299677683
283,type3,1.1281557873381096,0.9985127602536547,1.420994521096576,3,2.7328463670794
284,type2,1.0747077923742463,0.9398019982092018,1.1945954272532853,1,1.119234650689318
285,type1,1.2783765579242563,0.6783086795816724,1.2289810616558166,1,2.3841011060794894
286,type3,0.5704489501625826,0.47912324796466477,1.3616909037873453,1,1.2799747534435257
287,type1,0.7494250531341191,0.6725596282374094,0.774071589342191,3,1.831637136036822
288,type2,1.6070504246395556,0.8070864562722088,1.307070903866703,2,2.097176830109377
289,type2,0.6241980018876897,0.2065025718310486,0.695240602956492,2,1.8054789694936615
290,type3,1.4047281641995824,0.46891440072665946,0.8453419522448878,2,2.039223351606015
291,type2,0.8680236645219814,0.8558220570720555,0.8356104542698427,1,2.9930526175972383
292,type1,1.0839434210629648,0.4454496567397396,1.4785254683891407,3,1.2704346274257095
293,type3,0.9330406051560498,0.6146850441044679,1.3565372237479267,1,2.350912090672851
294,type1,1.0335090746974238,0.6289924247759784,1.2011698615902597,2,1.7920019327712304
295,type1,1.5785688577763684,0.2660286278202754,1.22705676161539,2,1.2660195978146576
296,type2,0.9456825734347625,0.4260118974870596,1.062072794402571,3,1.317473526748619
297,type2,1.3496069604453458,0.4010601598677389,1.447090667108519,1,2.898546212491234
298,type2,1.2140756032986495,0.12357703767885832,0.9962587528823615,4,2.759202993423524
299,type2,1.4955067480439723,0.12177258750221973,0.8805177098698945,4,2.8140839208300434
300,type2,1.9052446089871369,0.8485273393081961,0.663035336931591,2,2.9830655516547733
301,type3,1.5988581458153754,0.3457637289755312,1.2862056522610579,3,1.416630780017036
302,type1,0.8224105678861351,0.5662708896149339,1.2344439320755916,1,1.7108786747281235
303,type1,0.546774702591927,0.36885301622989575,0.8843550385241349,1,2.338438059849733
304,type1,0.8933960664497376,0.9466113206038065,0.5251934139592294,2,1.9676050797212945
305,type1,1.3926168960503822,0.33336708297919637,1.3389973277180107,2,1.836779066756667
306,type2,0.5771387202263756,0.4866911314650416,0.5114179834540736,1,1.715622498671186
307,type1,1.2445493708018545,0.8854572254361417,1.203699779629051,1,2.1875612638869044
308,type3,1.3952642733753338,0.8577402101126278,1.470257109726057,2,2.1511868572801642
309,type3,1.0013658362254412,0.2674912760616496,0.9376613281482035,1,1.3229156681284802
310,type1,1.6563683056187328,0.8223789788161394,0.7349734049959528,4,1.9434796750368781
311,type1,0.6598973797006578,0.5123681980641034,1.2048710100433817,2,2.1069435524196996
312,type3,0.6127066726037131,0.5346719848768197,1.3171281420155851,1,2.140573877462781
313,type3,1.5922831343054051,0.2201319751743494,1.0464303160778474,2,1.4202143858247036
314,type2,1.2432369743092977,0.1725413623814122,1.4670352752561462,3,2.4845427845045736
315,type3,1.5326035946416041,0.7551453762763887,0.5516687216579611,2,1.0503981896421393
316,type2,1.1522410079056193,0.5468150371197698,1.0047955983045282,2,1.7096637110863253
317,type2,0.8696030498586602,0.4931656323536616,1.21845394732255,3,2.560425297071267
318,type2,1.7286534765112995,0.756557405787157,1.362640471149179,4,2.1277858421108045
319,type2,1.699123818453469,0.7889616090919988,0.67925561190779,1,1.5223248650217205
320,type2,1.54204470628164,0.24301735090241822,1.3000034817636814,3,2.3899062386860956
321,type1,0.9082177058449441,0.6492026345298771,1.0527070757185453,2,2.1347818883121468
322,type3,1.3853460003036306,0.22181867404991698,0.8965536819899632,1,2.5924872189127743
323,type2,1.0414608454100402,0.7762375774261411,0.6317150285790936,3,2.4700503723796468
324,type3,0.6373731099899512,0.6912596406404256,1.3652957589089123,1,2.2202158440724693
325,type3,1.8759703631933642,0.9609531589751121,0.6572732081797154,1,1.976355350621628
326,type2,0.7052279463784421,0.16206221472077909,0.8097878592090992,3,1.2663642513350468
327,type1,1.9253560307312036,0.1513492490361289,0.7900455319624369,1,1.5226660357707675
328,type2,1.1690086594369336,0.35396836722388014,1.3714140341908543,4,1.8381989458341705
329,type1,0.7776993932579295,0.3355351153623154,1.172702994208898,3,2.1985985740127774
330,type3,1.3128514210675373,0.32228091916479984,1.2966813971913722,4,2.02741571043061
331,type1,1.8094187538146125,0.915629122468933,0.750467898792499,2,1.576369051919059
332,type1,1.5983373296143417,0.3245915798645555,1.1248740996069988,1,1.012928715579421
333,type1,1.7098417217921746,0.3447547535157679,1.0717459831437486,2,1.9924784438016279
334,type3,1.488175050066076,0.7834584361761673,1.3328303767882712,2,1.5712519771244862
335,type3,1.5384148467767786,0.504765858205486,1.4060870604812605,1,2.46921660142107
336,type1,1.7737934773479789,0.799039501259663,0.5121567714773868,3,1.047892530540967
337,type1,0.8745020132887789,0.15882954180794673,1.1740199190587925,1,2.1696556226115815
338,type2,1.2341374454647107,0.5388140743060459,0.551835799119729,2,2.882948475012131
339,type1,0.8318141627294033,0.13025224016495437,1.048858665077356,2,1.348818534222999
340,type2,1.9815020119949704,0.15638788310981908,0.7876327290436782,3,1.9432989815011907
341,type1,1.91608900952992,0.9157937080099698,0.8067765995221412,1,1.1828439836342763
342,type2,0.5591402170527588,0.22532083400583566,0.8529585034523566,2,2.2513638245227052
343,type3,1.5583627587735327,0.5791786140476954,1.1212924490496101,4,2.101063361192451
344,type1,1.8878724761234986,0.4699860423406359,0.8340499656687692,2,1.8147310484256647
345,type1,0.7708630176910003,0.41260899363295844,1.2326990505902804,2,2.0427540429474824
346,type1,1.3519178458289443,0.9098500111185452,0.9045273855738697,3,2.7931493169380204
347,type1,1.8732324463820627,0.11964105709794055,0.5683532003099586,4,1.392588604622134
348,type2,0.5509189678786983,0.6974107175580302,1.2837598424841072,2,1.0451290234106945
349,type1,1.5461304008702599,0.9670549907921954,0.785758324592706,2,2.7233297693982017
350,type3,0.9460235110588262,0.6041513651156577,0.9327668795992626,4,2.154234164775813
351,type3,1.8865942930647956,0.9431402158297827,1.1854438832219016,1,2.781316910923685
352,type1,1.9565873677480516,0.1470320913574214,0.832456157148712,1,2.1938904468263454
353,type3,1.9163997336701508,0.47691398716674527,0.5565856561467156,2,2.620322179919405
354,type1,1.2113213249861956,0.334142011865846,0.8739210470128136,2,1.8593467267102959
355,type1,1.7930639764839702,0.7577388684826568,1.4444485826943034,1,2.4997198625765376
356,type3,1.7668240978026055,0.983167381447522,1.141734397298558,3,2.8260829337797118
357,type1,0.9786507098648835,0.33087705619982305,1.171479148667207,4,2.1442459274444126
358,type3,1.743373211226016,0.688757141326667,1.13228215363764,4,1.361570301124759
359,type2,0.5555114520732389,0.27828786948376616,0.6989921389594368,3,1.5375952300603963
360,type1,1.3944048177230797,0.6087972291144489,0.9183338641022801,3,1.3972891537948116
361,type2,0.8450132559315546,0.5175392380195026,1.2509397983633184,3,1.4937140551914658
362,type3,0.6808503286659182,0.9748047966683834,0.6013728975531591,3,1.6128308987020727
363,type2,0.6154298024438137,0.6476745454268199,0.7778527760897123,3,2.110267573506377
364,type2,1.5444331638172097,0.4145557348781369,0.7763191084658536,3,2.1759832589276655
365,type3,1.0098124456520992,0.20268620639914003,0.932018927594506,4,1.8529994944837223
366,type2,1.5871501572931421,0.23612214586144112,1.480368740942185,3,2.2308415596416706
367,type2,0.5980345111984136,0.3027852369561116,0.5675025466838219,1,1.1631498512227318
368,type3,0.9729355067459156,0.3258699952062682,1.0187009943805951,3,1.17557647411632
369,type2,1.3092369385630058,0.865554452057024,0.6793646820122105,3,1.343658920715317
370,type3,1.6860847472584453,0.6051005094542724,1.4706765454097441,4,2.0361549960806897
371,type2,0.9781287543981049,0.5710518202369298,0.6133035047274642,4,1.4279893573966271
372,type3,1.4388370646555138,0.20329198468229573,0.9036010023615912,3,1.5665688069851547
373,type3,1.8289666223542806,0.8741257240144915,1.237884984834606,4,1.8006256723459881
374,type2,1.423794782273457,0.7505328728876354,1.2045544280274454,2,2.62373224802076
375,type2,0.8494392121304506,0.16090152571000144,0.9227286368939323,4,1.0277242718257202
376,type2,0.536601172334807,0.7370515875067918,0.8465241679527182,4,2.298757640473245
377,type1,1.8051483108513948,0.5891843956083814,0.8976123785528706,4,2.3377530620813705
378,type1,0.5319041162755807,0.17355281117210042,0.7642762631586393,4,2.597311560713273
379,type1,1.812052509026299,0.5124705773757908,0.7053329387067998,1,2.8655058781206266
380,type3,1.293405701040818,0.5362266584170423,0.98303969755889,1,1.0402756978985797
381,type2,1.9086015477693443,0.2491970861469482,0.7685337560676073,1,1.3075674110264324
382,type3,1.6981748536604981,0.9511283323002541,0.7874616648972501,3,2.772342588111986
383,type1,1.9969011658000062,0.8649778343325958,1.156756063474557,3,1.9170371243740307
384,type2,1.0260677231775652,0.7021201035961975,1.4685373316998922,2,2.129181277866927
385,type3,1.6507824333966903,0.5160660049005465,1.103637200559375,1,2.3260544074462945
386,type2,1.1028963704138632,0.4705889874260577,0.5769794670649663,3,2.3581332089912745
387,type3,1.2198134304558632,0.6858761204358588,0.575583613854067,4,2.8634808066330164
388,type2,1.4412581948275551,0.590888682466215,1.451423220845566,4,2.993898834823339
389,type1,1.810515671279508,0.15604579529369705,0.7972907903073336,1,2.4403149218618805
390,type1,1.9761252037989427,0.5612523838932986,0.5920669860824754,2,1.5744424184103016
391,type2,1.6524101207967772,0.8257632555095555,1.0990445871503816,2,2.759504804588687
392,type3,1.1266501732510006,0.5133158898372623,1.1236487782902662,4,1.0984418290815232
393,type1,1.1320355034156053,0.1467609197988416,1.148504820118688,2,1.4621617057489924
394,type1,1.6063734523833373,0.8076503794456298,0.7674020278575413,1,2.79477143492743
395,type1,0.8581657186524535,0.281227403922377,0.515110684214475,4,1.51238302887871
396,type2,0.665711169697092,0.33275875139923494,1.4650153694544719,3,1.441302119243497
397,type2,1.0319332364611649,0.2482357180890663,0.7508930456911025,3,1.2762505862804945
398,type3,0.9308584874811225,0.3971935583843478,1.1760262880525474,2,2.718223515293833
399,type3,0.9444621806839851,0.7810763551197715,1.2066298698787095,4,2.0001165183821734
400,type3,0.8504116265748649,0.5674472735535436,1.1100074170794856,4,2.3497864061083096
401,type2,0.5631397844545428,0.2843931467356413,0.8129073942136482,3,1.4781327681500593
402,type2,0.5268109021001207,0.8900470703368367,0.7710962537640658,4,2.5160808420224328
403,type3,1.9815835846040473,0.8916236694563763,1.0976682827027031,4,2.520011089924197
404,type3,1.1416597006037934,0.8835205825414062,1.3660956336116916,4,1.6251960498166003
405,type2,1.0764899707395226,0.31491659024338536,1.4467337289233955,2,1.8213652660205657
406,type3,1.5194709240396047,0.5061154097628893,0.6059058044037576,4,1.4193805548604017
407,type1,0.8273808317975963,0.9864906905267876,0.6548286125977199,1,2.9531220466458086
408,type2,1.924941775925338,0.7948112286789913,1.4447362587830797,2,2.291205154116823
409,type3,1.679517521623328,0.12445067910300384,1.2365352283347926,4,2.869087761431031
410,type2,0.6341165034683893,0.15868413213444285,1.382993824829773,4,1.6067710872582663
411,type1,1.1263711636773925,0.5175382391310995,0.7026326341353432,1,2.5637818259937797
412,type2,1.818677461343247,0.9182981852754042,1.0875858711094017,2,2.5317172877694842
413,type2,1.9170980334371155,0.5848316181574428,1.2011395944174736,3,2.383311303733083
414,type2,1.2011022668748046,0.5480312572308612,1.1801118854469728,3,2.931277950533601
415,type2,1.4201170838160615,0.19492632996096754,0.9081516908666981,2,1.787110672212631
416,type1,0.7505509191381128,0.6911020942518646,0.5153948916913085,4,1.2614346471795146
417,type2,1.9867529392054648,0.839892844540203,1.0829260568042631,4,2.3434177184881215
418,type2,0.8475075520751651,0.44237800675680616,0.7531015391796088,3,2.458619600954412
419,type3,1.9140976612026885,0.7980506658327947,0.9502542461428903,3,2.1501211469176296
420,type2,1.4744699734885527,0.9680289885107305,1.4575810150838173,3,1.4136357862667925
421,type3,1.4116051923182886,0.2833898132149202,0.8990353176424347,1,2.008911883338711
422,type1,1.269032766524763,0.5709966680752672,1.3398016066644267,3,1.6243794731382588
423,type1,0.8460047175766381,0.35842416227611795,0.6885406057492511,1,1.8549330563333781
424,type1,0.7647920480082624,0.8135689771304554,1.1724604980250288,2,2.2904371516893276
425,type1,0.830729313605263,0.6198340292930418,1.4770069544389435,4,2.490429485381669
426,type3,0.7796573932163817,0.6711241757952734,0.6018931008729368,3,1.4644493818026862
427,type2,1.66937671035013,0.8181227436543047,0.508319942227192,4,1.8106507212939067
428,type1,1.0251878887500951,0.4563734253962094,0.9335827926326143,4,1.5383231419832584
429,type2,0.5867640148450946,0.9235810615663389,0.5926254830513672,3,1.3972632277237382
430,type3,1.953653945211217,0.579725980521526,1.2483843496762312,3,2.5667744399916765
431,type3,1.8256788274451385,0.2421593405518132,1.414548663848559,2,2.8185053888739846
432,type3,1.8916284247928195,0.7263092063519222,0.9340209727087588,1,1.7404643713691534
433,type1,1.9923617339696529,0.8139352153944289,0.758711642155441,1,2.502557848747534
434,type2,0.760842873829231,0.385085509360774,0.9344033190066098,4,2.793990578728822
435,type2,1.094363028353988,0.8714613312988777,1.223447817850001,3,2.692248421060463
436,type2,1.637357713556137,0.9155289292891897,0.509054161580371,2,1.3656267770784518
437,type3,1.5440309270806885,0.34921403864002803,1.089453989484697,2,2.9125837630267224
438,type1,0.7308438595097826,0.9851693254436998,1.113291684887379,2,1.753352880858925
439,type3,1.7237496874859266,0.22664037524388259,1.1376882468959355,2,1.6784813223476727
440,type3,0.836660857754991,0.28181410156224096,0.7420220799808772,2,1.1248626545555607
441,type2,0.8357264222339347,0.2658023553142235,1.2140527233781269,1,1.972347308209766
442,type3,1.3054616343401204,0.9045907390070834,0.5913914863317764,1,1.2180272312818574
443,type2,1.3894099022625548,0.6888632970924656,0.6992703364668008,1,1.497079641854852
444,type1,1.3701293117567168,0.2368938549000456,1.3774700466544818,3,1.6338852435345628
445,type2,0.6372302560966323,0.49629107653151405,1.2387231507265664,4,2.617652646983368
446,type1,1.8161912939455704,0.6537682225628219,0.5137455540113453,2,2.750977300791793
447,type2,0.8984000638830592,0.17511767649044496,0.7483762603698002,3,1.6049326349229394
448,type3,0.6942723819242063,0.8941747315666049,0.7144064829931646,2,2.717396242489148
449,type3,1.8331221198034657,0.8232431818973817,0.7708063280369726,1,2.714461874739582
450,type1,1.93347724734463,0.5546860962189745,0.7475597702798864,3,2.529301900769747
451,type1,1.793191425898176,0.9704139537332533,0.5625262957428457,1,1.293390228030363
452,type1,1.714274112087317,0.47598488134758976,0.9589405165968203,2,2.380645693801458
453,type2,1.4828629709585326,0.985699287132848,1.2327334747861651,2,2.8900481291611375
454,type2,1.3262860559137089,0.7011279989232644,1.1067317247174364,4,2.365080957534314
455,type1,0.6304801398671152,0.6712041459285473,1.1728716685980798,2,1.663233698215668
456,type3,1.1126798196060481,0.24935940576620652,0.5811491785362392,1,2.0011586348616626
457,type2,1.059032775518471,0.8937349824741796,1.4514907101767873,2,2.291450086702107
458,type2,0.8896306756404893,0.48474071912855365,1.3384918338430247,4,2.021140817457007
459,type2,1.5851301705328775,0.24601006520423144,1.3050903184956626,4,1.2399058834619396
460,type1,1.243813602618156,0.11134676797818314,1.3229838050417675,1,1.6241280893040413
461,type1,0.6215693238614719,0.6037801152745443,1.4327105081327614,3,2.604792061107265
462,type1,0.830274802924717,0.5746596599104087,1.0442539661136978,2,2.722836092191035
463,type1,1.5248881454893939,0.7474182601322427,0.7002820178676259,4,1.2746000654311405
464,type1,0.6141962892354502,0.901232247716022,1.116783607852541,2,2.9047735047974492
465,type3,1.776810371073153,0.17146592617872658,1.242881493667939,2,1.6576452356972187
466,type3,1.2427197905209615,0.7583468413063261,1.2379173933540253,3,2.3246274774614397
467,type1,1.220879865989972,0.268670749687824,1.02144902416688,4,2.5036502919133623
468,type2,1.3886116769892765,0.8723593478414475,0.568458719333578,2,2.623892469275767
469,type1,1.7370214488877238,0.8371571624754904,0.8711129384301278,4,2.89149940445186
470,type3,1.0217138118532896,0.58671437948699,1.4207666084633574,1,1.6258390960576452
471,type3,1.5170242288385953,0.7392185187609803,1.084448909757426,1,2.7170129091031088
472,type2,1.3485979459936865,0.3829151018653736,1.0383319432557134,2,1.263373806872414
473,type3,0.900542405254132,0.5240511090395332,0.7688535143821935,4,2.4100818127071855
474,type1,1.817944979532737,0.8394732079394245,0.8684489199165789,2,2.483955459027972
475,type2,1.6961390324103922,0.5133386774558926,1.3953460891531693,4,2.355446482402641
476,type1,1.4876777519876383,0.4220184387928976,1.1664630475268356,4,1.504629472270306
477,type1,1.7758725936413629,0.5447912025252699,1.2873870267523329,3,2.7460862940304067
478,type2,1.8009413014397035,0.8454243271934965,0.9543454230676551,3,1.33771692674079
479,type1,1.5625444650725522,0.4016872426337855,1.130247219456158,3,1.1072695830416617
480,type3,1.755519992545508,0.25638543382216944,0.7483836087432075,2,2.4349299812238243
481,type1,1.5462071925039256,0.7408126182977027,1.2054608302834864,3,1.9509514304654674
482,type2,1.5202111576404507,0.8433803914372736,0.9276013337033373,3,2.6981960399173524
483,type2,1.4279170673227766,0.19057373067118,0.9425455148147456,1,1.766794282116518
484,type2,1.629074959336462,0.31588670148035025,1.1493223245768815,4,1.3365571770154256
485,type1,0.7379076579396106,0.22777479078489452,1.4362806214689265,4,2.6728843849397395
486,type2,1.8213061387983926,0.41314727042394994,0.5640063466086209,3,2.0978192632801433
487,type2,1.807765291617848,0.5053158810148713,1.3247432373470076,4,1.3783915847807098
488,type1,0.5438709245518387,0.7739437032669758,0.7923831104121931,1,2.4407679971728915
489,type3,1.738725125847144,0.6860328263935067,0.9439194545063778,1,2.022227276979001
490,type1,0.6933048012101678,0.658835710730588,0.521913328775009,3,2.20862596448064
491,type2,1.0026782813887127,0.417137451948689,0.801046077834313,1,1.9217966764131638
492,type2,1.6152623844374117,0.8573027977762839,1.0026312426301305,4,2.657417967636013
493,type1,0.7411398440724624,0.5241584506583481,0.556176077347439,2,2.6591254313660997
494,type3,1.7269505361785933,0.9811944442136391,0.9910957293831651,4,2.4187776436487725
495,type2,1.748201266936613,0.6707279244661631,1.4271106288584274,2,1.2108027547929245
496,type2,1.2612016006412543,0.21363826740805247,0.6053932181078052,3,2.6777077238081377
497,type2,0.5095788075752503,0.7085598058678906,1.2644407280755043,2,2.3420259610658194
498,type1,0.9305571997623692,0.3925936138885291,0.9096710533759926,1,2.394048332008599
499,type2,1.4253903775636134,0.7176944770174877,1.155173714524338,4,1.7259656808077433
500,type3,1.9717792670411352,0.16267703334616518,0.7602365979852294,2,2.758559112314013
501,type2,1.4477202905250026,0.2573932934583635,0.6594922625413583,4,2.4507432004697147
502,type2,0.8897053715962397,0.8701635330152077,0.6604626142712264,3,1.225180933058389
503,type3,1.451008554649417,0.3044616013211634,0.5704919456431446,3,1.8155560688123253
504,type2,1.3099780695737833,0.853337012718646,0.685646704901243,1,2.7727607239202836
505,type1,1.6697680927267153,0.3513484796089694,1.1642193849889684,3,1.094393403394758
506,type1,0.6604709582404376,0.6785937190528368,1.3816906118435082,2,2.922833239284099
507,type1,1.641541853753042,0.7247355161588479,1.3141256855911618,3,2.3583251366391256
508,type3,1.3118998680141654,0.5613892778305477,1.185134309874484,1,2.2627519552867534
509,type2,1.944488005788492,0.3747796090270582,0.6104318634111027,4,1.5411185129759828
510,type1,1.012808249058029,0.2913799387339865,0.7891874462959498,4,1.4975835774783541
511,type3,1.4489328397009222,0.1298704191061836,0.809806875322469,3,2.884116438977191
512,type2,1.8980421582650262,0.37355176111665145,0.7499569463976212,2,1.5965449084682455
513,type3,0.6537645919860189,0.6878465114781547,1.0150056597097232,1,2.551010593437999
514,type1,1.9058427308546766,0.9444743366036344,1.0355538148796726,2,1.7862435964141583
515,type1,1.53182858345122,0.8840840340367468,0.8568859751711102,1,1.278508141569408
516,type1,0.6017555886577579,0.7894582988817723,0.853789158736436,3,1.021430595390718
517,type3,0.9514453504202244,0.8096026089279688,1.3285555979060812,1,2.0885146740305016
518,type3,1.5622581329679224,0.6984864131283958,1.2892928483196857,1,2.9515576370978653
519,type1,0.6010259022031575,0.3342581718094027,0.8077958316807456,3,1.738272387618409
520,type3,1.37325569026441,0.9164755276352469,1.4137884438732593,2,1.7143846679860897
521,type1,1.018824585429435,0.7036590807152506,1.452815017002506,3,1.6881832356988842
522,type1,1.4313732766512157,0.6043965678823959,0.8267425420300408,1,2.0410876746097166
523,type2,0.5686130507187692,0.19989052229213297,0.8544249487930549,3,1.881329766848587
524,type3,1.8073052092285644,0.5023499894257829,1.0056341534219588,1,2.759829253454029
525,type1,1.9602334537660955,0.5143224440817337,1.4411208125336734,3,2.0110415834469806
526,type1,1.9533167829285372,0.878107248570403,1.3763194331423114,4,2.0155156763771376
527,type3,1.624477747614387,0.5919833981690097,0.6025679625835898,4,1.2767431894411132
528,type2,0.695129360195948,0.44236049407336875,0.8927307432714162,3,2.9654790818207717
529,type2,1.6373947938935338,0.9791202956595934,1.0533711897497717,2,1.4999457817376594
530,type1,0.5368803746882023,0.1996485339936841,1.00313247255154,1,1.1467281349192053
531,type3,0.5331853272934959,0.4802935854807502,0.6938630679368927,4,2.3262924979504174
532,type2,0.9854153287243119,0.13782220765426478,1.3588167711681547,2,2.190732740313745
533,type3,1.2329647856069985,0.7659137086902373,1.1769407829968372,1,1.8302913079854914
534,type3,1.6556111267116898,0.9262688969792355,1.3379083748518035,4,1.8443844677613561
535,type1,1.5249430649097577,0.35203359659544053,1.3587642793494723,4,2.5701278420928624
536,type2,1.1688540595651224,0.8725075091192088,1.2483558536657398,3,1.3914252801992981
537,type1,0.9104399994224988,0.36299640741570804,0.9392106012497173,1,2.6405066378897795
538,type2,1.9956867502365667,0.9196931454795237,1.1105467550154247,2,2.297494227790036
539,type2,1.1392719533539595,0.7785657132371055,0.6603654061197431,2,1.8379395475590488
540,type2,1.1770805364945132,0.8244160991572947,1.1736454174749076,2,1.9160572331677372
541,type2,0.7454357317875038,0.11620590004040905,0.6792532557392807,1,1.5132944143721916
542,type2,1.692214323124894,0.9665293213666234,1.1939495905101567,2,2.5042286653939496
543,type3,1.540523338672233,0.754003892863291,0.7295981607539687,2,2.0257494846105355
544,type1,0.8311544191831406,0.37427598584752,0.61755130015022,2,1.6417090854996872
545,type3,0.623571568423764,0.8464551983729622,0.6652844901429574,3,2.1921002315219003
546,type2,1.5207489531120697,0.353369078573437,0.5019921352190703,3,2.9914689041026463
547,type1,1.4817668214217028,0.8854784556095151,1.2187396178535304,1,1.8705245593131077
548,type2,0.9098892904973139,0.20132235137074334,1.232401049058379,1,2.841382801557239
549,type1,1.9262953433756156,0.7333173797147162,1.0149333499132593,2,1.6900336798491322
550,type3,0.7265868376713503,0.5866286289804193,0.6613628010553837,3,1.1094654138499718
551,type1,1.1485022015639028,0.18688102317589672,0.5835543375106897,4,1.4084842127368578
552,type1,1.9154238802513983,0.31770444543295506,0.519128966437287,4,1.8373902866553684
553,type1,1.1295909753891835,0.11116363264958332,0.6657481769652207,2,1.439269857189138
554,type1,1.4577889214961284,0.5218911689180553,1.3908555349831468,2,1.000454076436511
555,type1,1.0963915969441915,0.3711387346840004,0.7415368417016818,3,2.8300030754950543
556,type2,0.911322803523005,0.6385217358679829,0.8542713272172157,3,2.6877588224618583
557,type1,1.9759664719397423,0.3675140269377555,0.6053454844813332,3,2.4845844629738942
558,type1,1.1140010094725645,0.36992720035628623,0.7223613047481703,1,1.3356291912920573
559,type3,1.8411488055187015,0.768873878858443,1.0192245707802052,1,1.2407271524199721
560,type1,0.8449319088366293,0.14332855238051811,1.1077526830956526,2,1.1352094989447663
561,type3,0.819657056037625,0.9126054956727885,0.7453523141662111,1,2.448058377545842
562,type2,0.546701124326767,0.8670374869520633,0.5577321592251172,3,2.8576159213757704
563,type1,1.4775002380638276,0.7010242149037659,0.8910328691273987,3,1.861071641826074
564,type3,1.0527895155856417,0.6338994130966459,0.7342033709263341,1,1.2382813439920963
565,type3,1.7965373747594555,0.903072248325687,0.7195539232298019,4,2.024785641464213
566,type2,1.2098148600373357,0.266797161575843,1.4598628027134553,2,1.6976638149172603
567,type1,1.9522901418720826,0.17107224597174575,1.116300485925724,4,1.7496498486999954
568,type1,0.7782882735546817,0.3155591529185843,1.056878443172096,2,2.2426612483114146
569,type3,1.8029347519334162,0.8151204508301713,0.9157751035233219,4,2.4374362265244045
570,type1,1.6648952791876126,0.131203240053835,0.9289443334301443,1,1.2212071977463217
571,type3,1.656382766966078,0.6245261515751407,1.040905003838081,2,1.0711804616129528
572,type1,1.7671748421753315,0.9958937645721789,1.1964298070361072,2,2.9886606053714297
573,type3,1.6415359864144983,0.8701264844537855,1.2021460961818295,2,1.4654566978311037
574,type1,1.4393304824471231,0.5693011201392305,0.6716939077054496,3,1.1076610498169182
575,type2,0.6968673165235814,0.15727681835797813,1.0001127520766269,3,1.37975065819184
576,type1,0.5487892692368779,0.8482361629471389,0.911958095034102,4,1.0779156926969284
577,type1,1.8812717717235303,0.6390806573594895,1.3705269662693842,1,1.7836217892343433
578,type2,1.424975471781107,0.20343969735361017,1.1314189212183763,3,2.6048035689026485
579,type1,1.6948059364642645,0.18447155634102058,1.032504066415982,2,1.6824888995154412
580,type2,1.222283527268825,0.9186641374929332,0.6153946421789174,3,1.888366813756733
581,type1,0.6759622834435917,0.7022802366442706,1.1056378893234116,1,2.3511735471348776
582,type3,0.6877786883038257,0.84635811938508,0.6172039056802334,3,2.0177881401397606
583,type3,1.528347930843457,0.8910810102540406,0.8372065755657521,2,2.7228913720426484
584,type1,1.145458842349194,0.61459511684349,0.6428419648143319,4,2.732071350091513
585,type1,0.8007870900505051,0.5657017165795372,1.192073647024369,2,1.0198213909823073
586,type1,1.2373918201121552,0.48738466928889124,0.7062521138361526,1,2.556092612966398
587,type3,0.5963134056127011,0.38525192901200733,0.891859373188026,4,1.9214672004833477
588,type1,1.3729571028715981,0.4911363647728406,1.3956747776187788,3,2.977681082607326
589,type3,0.9034901066526465,0.7964916901571407,0.7043163833989703,3,1.9664641517508703
590,type2,1.6963386509557823,0.6417310879136184,1.007805063958779,3,2.973791890776595
591,type3,0.9655429383853606,0.9032709609593614,0.919271661166022,4,2.509138722411473
592,type3,1.1828302236227017,0.49904201294126893,0.5181240410457297,2,1.4972097692266126
593,type2,0.517430809862151,0.6463806208468786,1.2927581135728128,4,2.076789958573915
594,type3,0.6086703316918383,0.6681767977827898,0.5690459063145997,4,2.9842712789571655
595,type1,1.0887403346100273,0.632527446075693,0.9742550209769536,1,2.715061215503847
596,type1,1.2199082520756852,0.7323703957769647,1.06067829493895,4,1.1947337875824422
597,type3,1.4000308221789557,0.3136901215373257,1.1284264566145872,3,2.4127439936199924
598,type1,0.9374938680639548,0.5611273997912116,1.1886316293078756,2,1.691159171741626
599,type3,1.5424728291898138,0.1938023225275129,0.7532723835227151,2,1.0139645237606962
600,type1,1.7901835957838068,0.44606019488033133,0.5099787766584494,2,1.8069619380539992
601,type1,1.6697764833400246,0.538900361759138,1.2234436623549119,3,1.4695088434499426
602,type3,0.5594282380225357,0.6870018335909253,1.0356565993475786,3,2.6377385410409433
603,type1,1.2207604208867435,0.9554779473275832,1.3361177032072487,3,1.674661217691531
604,type3,0.6573952676272623,0.6405859598935203,1.3213883629006942,3,2.655047387907634
605,type1,0.8630675237937913,0.7692345245589038,1.3433261677878832,3,1.0011958776695906
606,type1,1.9799938899007197,0.5556394535456824,0.9850946599795402,4,1.6156383000522383
607,type2,0.7137433143522698,0.6706936282386982,0.8336283958368657,3,1.4823304286155239
608,type2,1.248332230177034,0.16383899452039608,1.29155820259137,3,1.467134722137222
609,type3,1.4272336014771787,0.3289524227576623,0.9512941130292549,3,1.1363732395309254
610,type2,1.553697455816156,0.4256677838846249,0.6834421964034345,3,1.3742485408210035
611,type3,1.339473025230371,0.5252440195058622,1.3549740195614743,2,2.1110991397712398
612,type2,0.5146562711287754,0.14108387095214536,1.3825598767723473,3,1.582722145675489
613,type1,0.9896919623659879,0.22602168779798593,0.9663097561401701,4,1.834789564658296
614,type3,1.276567465077067,0.3491328770121752,0.5756997273097875,4,1.753733760694377
615,type3,0.63179974871725,0.9743794218109456,0.8878260899169312,4,2.7518098499997894
616,type1,1.025940396813771,0.39821230639274574,1.3035376594626034,1,2.8105979980210307
617,type3,0.5498046631870499,0.5338369523008742,1.4017740285462286,2,1.98591394331172
618,type3,0.6178677457325311,0.2764879414645537,0.7034727424975958,3,1.6603119006312088
619,type2,1.0953849143023942,0.6497020639681914,0.5669736120252715,1,1.2136014080047273
620,type3,0.6990736310645905,0.35261489396437684,1.3773504531328387,3,2.90680575876419
621,type1,1.3513112723923373,0.2862933205945841,0.8894049389788753,1,1.120453889800595
622,type2,1.5341974537058987,0.5649153656013812,1.0417609642675631,1,1.5953005551365609
623,type2,1.7008800486636244,0.10495521924437874,1.4680658120507588,4,1.5961324023400083
624,type1,0.8002253663672152,0.1068976293843028,0.5665647279142229,4,1.6408025722804298
625,type1,0.7512238733886046,0.297161928191672,1.1483180074520956,1,1.3285736865448186
626,type2,0.6568517605016004,0.13304922625073903,0.5741054225748671,4,2.5663228618473943
627,type3,1.454645374315455,0.19722317871762224,0.8754689284665004,1,1.2449957239319784
628,type2,1.5597135897303518,0.40497458440487644,1.3038145451934469,2,2.2698133183063254
629,type1,0.5473792172384631,0.8223271116218316,0.9334722327556344,4,1.247692053411635
630,type2,1.9043183693655348,0.6148437790323708,1.4971823539029505,4,1.1410712751859131
631,type1,0.5779569254772086,0.5614009533607748,1.0590592849466023,4,2.8188590073717528
632,type2,1.3119445029516057,0.3641399408873095,0.8211621526359535,2,1.3802575326374114
633,type3,1.5635907791763746,0.9385783474895347,0.7201113259047531,1,2.6425003091194084
634,type2,1.8064536856191284,0.45731353711347256,0.8505205342861618,3,2.089261742214272
635,type2,1.5711303981986418,0.17838349011619437,0.8725332737595508,4,1.1557130392175392
636,type1,1.7025921246046878,0.6553598645060211,0.568713677723961,1,2.910896382876135
637,type1,1.0091752888142091,0.20245455412894126,0.8695741994267732,2,1.493922333983785
638,type1,1.7222376706197684,0.4107008285215229,0.9642385197392249,3,2.719290690705213
639,type2,0.6201722695770127,0.556670744846028,1.2227377522388045,4,1.3376200115691284
640,type3,1.8422249840907914,0.8868002722166582,1.156729484721608,2,2.7078857642837058
641,type1,1.3213885642306042,0.5441919223061068,1.2087656552291541,2,1.026457625810588
642,type1,1.7259466549437406,0.7320328894284979,0.5083636818768571,3,2.0235609131389616
643,type2,1.1784774267774503,0.9935351550991633,0.717667399580536,1,2.5388851588431134
644,type1,1.4653665427947875,0.21834020790818348,1.1616842883998566,4,2.8695910349855667
645,type3,1.28960399140417,0.34725837296756756,0.9839893681797471,4,2.818404272412974
646,type3,1.5973842826329978,0.4551184680378818,0.505313475668346,1,2.63924973909529
647,type1,0.6224449730458843,0.47964536068494823,1.3044946424318224,1,2.776382699322608
648,type1,0.5905281259858457,0.4699189677389912,1.2728095732903375,1,1.398439371674153
649,type2,0.8706548510152197,0.9168499023008995,1.0484191629935626,3,1.5683685914234575
650,type3,0.7393170201697825,0.7426293800201708,0.5664633257762721,3,1.577937049842117
651,type3,1.8076753498883025,0.6471146926816334,1.2665150495325848,4,1.7541078620033976
652,type1,0.8288209810370665,0.3784354460765039,1.083713587731364,3,1.7866413407703774
653,type2,1.963797883728697,0.8414113457991652,1.281959977157959,2,2.089110649309351
654,type3,1.0053436876566604,0.9595544603364901,1.2517469923958404,4,1.3197595267328828
655,type3,0.7731768735330489,0.8390784542952039,1.3030020719578372,3,2.3824933275719786
656,type2,1.6845477607137187,0.10140859467232562,1.018008066404625,1,1.335133078609013
657,type2,1.4880616632513142,0.6727612331650663,0.640324518193515,2,1.620616964209095
658,type3,1.2472935746797085,0.14602184329789067,1.1711574733796888,1,2.006690261212308
659,type3,1.3330453264064468,0.3318464983003497,1.1204737850519706,4,2.5928811230469546
660,type2,1.5788026674083957,0.15357223031299452,1.2422531871990872,1,2.4789384664774543
661,type3,0.8426821119969481,0.643415907654449,0.6698810060507353,3,2.2910687128210445
662,type1,1.994500874085113,0.7179309221433461,0.6949751999002892,3,1.3115465211603403
663,type1,1.9621897432201747,0.2030388742593146,1.3904095172193285,4,2.0940906912311554
664,type2,1.4754885295204052,0.44545499474048156,1.2499777984520708,1,1.174893003599771
665,type2,0.7993136763937176,0.5106128580599878,1.408228488700323,4,1.7547263535933015
666,type2,1.5203423636469369,0.4321477195848249,1.2587153211639208,1,1.8270330605799183
667,type1,0.6082976134687638,0.20892250043667376,1.0971553059903019,2,1.0796228788915077
668,type3,0.545978753308709,0.4770530111687279,1.1541327370278736,3,1.5479761989399436
669,type1,0.8865243327668205,0.7760602430275763,1.38912792394001,4,2.9112989345329785
670,type3,1.1939344351089745,0.16390689807992992,1.0788067545119406,2,2.907265215659379
671,type1,1.8024087581125707,0.17216201267371312,1.1323913243283874,2,1.7046541085050786
672,type3,1.590753604649462,0.41929416265238584,0.6564767160036006,4,1.0862002178966481
673,type1,1.6140597817999716,0.9475531404570325,0.9739212201161027,4,1.358189878656363
674,type2,1.138240001672113,0.7017153820506227,1.216397111958099,2,1.7844355868670803
675,type1,1.0189024888204443,0.7108029610053083,0.7709426983163654,1,2.8955593959384593
676,type3,1.056558144476904,0.4257279917540785,0.7022541805245349,2,1.2823981270743698
677,type1,1.9814743456040866,0.6342947120876846,0.8138268082244156,4,2.5270316873364242
678,type1,0.5601637871187237,0.10911806562496905,0.7415006279928334,2,1.2173650787493842
679,type1,1.8005472441836727,0.672486441768588,0.7149126370363958,1,2.9625151547825537
680,type2,1.3680131128585902,0.9219582528186131,0.9248508428680869,3,1.76323299821827
681,type1,1.1579231287843856,0.6513161215103372,1.407838513883534,3,2.550469077798112
682,type2,1.5878864906227048,0.8863287341197106,1.0070596467387183,2,1.6851821656222636
683,type2,1.2300034121370542,0.7515757499194844,0.687920380815323,1,2.255337754317617
684,type1,1.810134857122491,0.20850257476332124,0.5769716693808741,3,1.3840321694800735
685,type1,1.8510527960168877,0.9122079765572575,1.1961561451379252,2,1.292042038593925
686,type1,1.1325813903101831,0.1597994599201974,0.8827987644363878,2,2.8761282791362626
687,type3,0.9152416958525773,0.5805707252929874,1.3218309465853593,1,2.8352945558088667
688,type1,1.3885254928900435,0.2279234114141119,1.1595107686407702,4,2.7749378804257647
689,type2,1.8685450184250365,0.11053594965781366,1.2962414505413684,2,2.250866900333187
690,type1,0.8159932835084999,0.47983083411487515,0.7719460394184487,4,2.6165364224325565
691,type3,1.4344498753452242,0.3655366368887406,1.1923589224610582,4,1.1380738738227498
692,type1,1.4473403301387808,0.5374004444178427,0.7640619846937188,3,1.6695780837813583
693,type3,1.5996695336229214,0.6194798980610957,1.4390684794502917,4,1.6274062495143125
694,type3,0.6973515276908897,0.13936516507805263,1.1363742815333744,1,2.2712906439052265
695,type1,1.573737447023133,0.21070296561137108,0.8245118001753421,3,1.711915546941281
696,type2,1.8635487809984614,0.6027781568053828,0.7695118622922726,3,1.2970135632873616
697,type3,0.769524663305363,0.40885061785539245,0.6909265850716435,3,2.1929341508270874
698,type1,0.8563149873858165,0.7562561387945032,1.1946409588937277,2,2.628767841338163
699,type1,1.9570926410624594,0.6870624837327457,0.7187156129979273,2,1.7642469889199464
700,type2,0.7714654290642347,0.8610439266909161,1.095303265927489,4,1.2645374301969634
701,type3,1.7815776400543686,0.7232435440023027,0.7646350269253573,3,1.393376394625646
702,type3,1.2384167846720522,0.48693796965113334,1.1619689447938686,3,1.474966610338768
703,type1,0.8708466116047655,0.7056699601549892,1.3149397285405393,1,1.5997951859890724
704,type1,1.8061248519087671,0.3478430568298767,1.2780252431446533,4,2.2855901410126185
705,type2,1.1679578825039982,0.3756821489003914,1.2608513309307816,1,2.2018909690754382
706,type2,1.2722260308945352,0.810086643928714,0.6877224056922521,4,2.3921597231340783
707,type3,1.0388500540996486,0.501777564761424,0.5883849469845187,4,1.7250039690630263
708,type3,1.389426277152391,0.8185423064665173,1.1989488284873855,2,2.6479953037599566
709,type1,0.7452858088775342,0.8401801363014506,0.8683472137943513,2,1.4081753223115205
710,type3,1.0866223049776411,0.8718061038951553,0.9323462264033473,1,1.9380814950363079
711,type2,1.9541184835029313,0.9249717122570866,0.5311490927933911,4,2.6018774430828606
712,type2,0.8872001490516913,0.48788669846196664,0.7595764492750492,3,1.3603172954652385
713,type1,1.4851049968119383,0.38698013648902496,0.533676403874464,2,1.219726227481566
714,type2,0.9877850963370423,0.6239788719347025,1.3791857726012475,3,2.7673679353759795
715,type2,1.660209688529901,0.4340551810938649,0.7433966832185305,1,1.6858593255183918
716,type2,0.6963104910775247,0.6409667501202096,1.057337169573008,2,2.367740249818064
717,type2,1.954731567617817,0.7350272763794421,0.5389793206611304,2,1.050697208527877
718,type1,1.1806843120754589,0.7195645166429232,1.166847391305658,4,2.3800937768188994
719,type1,0.8540756950196959,0.43709759831810924,0.8230273457540939,1,1.632202623093941
720,type3,0.610245120995019,0.25017418152887755,1.3979191869576657,4,1.1114817071748835
721,type2,0.7546368576313112,0.48747640461598685,1.388118188934036,2,2.219625523096234
722,type3,1.2796609228340265,0.22833472967371787,0.8252906183617478,1,1.4816076321463465
723,type1,1.0055047646469295,0.9010873316654275,1.400960895690468,2,1.77361448410376
724,type1,1.7433250488239143,0.4112897146640717,1.4961576734987787,1,1.1611616245730272
725,type1,1.146331285492709,0.23901377250099143,1.325415664123948,2,1.2943265021898906
726,type1,0.8730714088814449,0.12290298391517579,1.344871347755229,3,1.5959544709916875
727,type1,1.425717479906045,0.6812401476578358,0.7490087361090899,3,1.1795190011203143
728,type1,1.5601658253281687,0.6732120857092689,1.0767023988577562,4,2.8216525293726304
729,type1,0.7505628618514248,0.40654374992316256,0.5672559139673679,3,1.0120940863679568
730,type2,0.7514288244324765,0.1645406999628859,0.5949179368216697,2,1.9677204377286228
731,type3,0.5550071404003145,0.4686660054057088,1.4988926120332906,2,1.246494916265103
732,type1,1.6046030225984609,0.3800957455570543,0.8266392494259109,3,1.615358178955897
733,type2,1.4957067914327076,0.7094085757615084,1.2481839120488463,4,2.852119119636531
734,type2,1.2119463136247208,0.6452013245074213,1.3066650530268165,3,1.3233891065479737
735,type3,1.7662556734537957,0.428134355377786,1.3580232710072293,1,2.931664639436665
736,type1,1.7085052294250798,0.2961032988294911,1.4976282974021564,1,1.4115887539788434
737,type3,1.3780315465951283,0.9892323695400327,0.7414964852568678,1,2.483132216933659
738,type1,1.8024069207698878,0.5086014590765034,0.5403508268596997,3,2.0933545297946234
739,type2,0.8087618150551523,0.7194468122022133,0.911191517994586,3,2.7689574551935183
740,type2,0.6678794290965918,0.22649767082052472,0.630080669828947,3,2.1079865110062617
741,type2,0.9046244172754845,0.537030729693458,0.5224258891620551,1,2.0691184383126173
742,type2,0.5856302841339722,0.12478304788251894,0.8604268271414861,4,1.3909160007367998
743,type3,1.296754292001548,0.554909606119405,1.2837382510752364,2,1.3324587241033174
744,type1,1.9049085384424422,0.9676156664059321,1.0661806912250709,3,2.8329783022310284
745,type1,0.5590153110027645,0.44578604168722025,0.812777989210354,4,1.6556763977000681
746,type3,0.6831648710150402,0.13509641131742045,1.1543420054927198,2,1.7441645099257919
747,type1,1.1782985424251529,0.12786021182740917,0.7320181803088107,2,2.519647316856777
748,type2,1.9008125262918574,0.44918808395218257,0.514381446072085,2,1.6776469648456147
749,type1,0.9742341574651258,0.24402244281687466,1.2643533864364274,4,2.9041248932780057
750,type2,1.2608522130325888,0.12101688669536732,1.123743084864009,4,2.4758555379976004
751,type3,0.5623592885755881,0.7805922525551592,1.2623026245009599,1,2.19485848514684
752,type1,0.7225148014431333,0.5126707079937016,0.5389380166876656,4,2.7617903210895047
753,type3,1.9799451844382703,0.36032029477538907,1.3371196278306523,4,1.0992118166989655
754,type1,1.9476780446540682,0.9100748647148327,1.1195262000363033,4,1.5141253843784175
755,type2,0.5074099714016145,0.20452506418047306,1.0633953507126401,2,1.93007266844182
756,type3,1.9277176781348584,0.9603269460597873,1.1246140481145317,3,1.453957078943042
757,type1,1.4586799067232505,0.3825700456396176,1.364433246868364,1,2.4878103746043037
758,type2,1.8018774417800332,0.8995633050778131,1.086936506558907,3,2.8384160621074503
759,type3,1.1821097834507888,0.6426485888315154,1.0809503798881792,3,1.8475402398618468
760,type3,1.2733940428688753,0.8440366237673387,1.4906791570657658,4,1.68426520022379
761,type1,1.2332698703853802,0.9856118468894178,1.256730167068568,1,2.9231014642751325
762,type1,1.5002963863191565,0.3595648940368712,0.9422938054511353,3,1.8897048656550817
763,type1,0.7094768821344694,0.9650219368668337,1.2073970000329277,3,1.9780968008985664
764,type2,0.544960384809017,0.4505337054121783,0.8892304716917885,1,1.7032997446838107
765,type1,0.9618949123867864,0.44696071426323014,0.728875462483499,4,2.8190969460242767
766,type3,1.55702114410497,0.4063483938290552,1.0968518768877593,3,2.1379109665637017
767,type3,0.8027801781844226,0.5872668466128267,1.4281820981139515,2,2.524349174363289
768,type1,1.510148649987376,0.23873053886063839,1.4291395200154628,3,2.6236134367017727
769,type1,1.9548680691609057,0.5983403368222101,0.8419052781054903,2,1.6836980838345164
770,type3,0.6408510736841275,0.5875343311690037,1.027677466221695,4,1.86738866264076
771,type2,1.5089031773376895,0.785711631344383,0.7116358985698612,3,2.6969435488125293
772,type1,1.1656253289568568,0.850284965743827,1.4956311094988834,1,1.7265107033516205
773,type1,1.802213381566258,0.49639721528118164,1.4811179078679357,1,2.5878702669037024
774,type3,0.7657246841710789,0.37209992441634443,1.1495089297074474,3,2.881984645148874
775,type1,1.5389389283392467,0.33340140758538506,1.3044140596774734,4,2.246420746136014
776,type2,1.7571729344721654,0.2751614530343848,1.2151001612837,4,2.4832545749037775
777,type3,1.9169213292110348,0.1518828239791224,1.0931582190394682,1,2.6101946240822698
778,type1,1.5248720424344686,0.408203180951242,0.5533479969888977,3,2.690079297793285
779,type3,1.245762146012641,0.34322292291770495,0.9547643425526611,4,1.790106675713592
780,type1,1.4267708603018208,0.9697756472797666,1.1747863021674105,1,1.1025269183519963
781,type1,1.8033574767180773,0.6019379436250395,1.1775316138836847,2,1.803752542473479
782,type1,1.3559146199582446,0.41254933512745684,0.8731226184223836,3,2.3475124595681796
783,type2,0.5455805895452552,0.6224208408943264,1.4416919866580304,2,1.9007007715615856
784,type2,1.8964230432604667,0.22527703121112597,0.667357032236781,2,2.4979263017207973
785,type3,1.5342901265473416,0.4996393742819827,1.0003594462155605,4,1.7139648589373278
786,type1,1.5147700786658698,0.6636108892789574,1.1908839765508228,4,2.269488282208059
787,type1,0.8235127285965758,0.5400080486132063,1.1971358058918091,4,1.3728396097079492
788,type2,1.488328205348986,0.4616009205888918,1.1486389567688156,3,2.4987388732899136
789,type1,1.0907966084812377,0.9944635500097283,0.7752882134518602,2,2.0913919376260517
790,type2,1.4768494655622382,0.8922832859340343,0.656206568686622,3,1.4081287770932012
791,type1,0.6598895454619861,0.6610653623434961,1.1359403268267108,4,1.5838223469956145
792,type3,1.486767956904554,0.6124396250640545,1.0993021161394378,2,2.4972174171636645
793,type1,1.999120588656,0.6585944318421256,0.679356010289241,3,1.9652024713230414
794,type1,0.572318058290834,0.28118089704018995,1.2051391455705633,3,1.4320628807861444
795,type2,1.965761276331976,0.4556239689378868,0.9551719917336564,1,2.934542380740595
796,type1,1.110361941084306,0.1355135796018094,1.167760591603153,3,2.430250039633776
797,type1,1.8061301755058887,0.5279914337381441,1.3373670797701507,4,2.9142696650795923
798,type2,1.6735782260874101,0.5887221255618968,0.6697284285769232,3,1.8542100907206864
799,type3,1.3505243914800018,0.30497476249288863,0.5191448679968367,2,1.950200681383441
800,type3,1.6076738138769897,0.9676259624489624,1.2791025863957868,3,2.7959104323700386
801,type2,1.817773341952022,0.9185091498435178,1.109697425152616,1,2.0500986804907693
802,type2,1.1062104824765495,0.7499289119103153,1.1996395696221218,2,2.414557823811334
803,type2,0.990549742344858,0.5800479658888263,1.3381549749886426,2,1.50434575499106
804,type2,1.501390078345377,0.8829722436829165,1.3028109348245005,1,1.893452937405281
805,type2,1.7117689129118878,0.21758710944111664,1.4609201469288247,4,1.2468997316207102
806,type3,1.6434277021649235,0.8114588148473965,1.0359350788521182,2,1.4119600717539234
807,type3,1.6967204732879517,0.21233873257016347,0.9884956326599054,4,1.0018868305352622
808,type2,1.1533749722193996,0.8147895962944649,0.9018871998907301,2,1.0785301032973205
809,type1,1.7267513242625325,0.34819081142622127,0.6536910428442045,2,2.9545676463538584
810,type2,0.6803135830559126,0.8893815229163701,1.0726072328820224,4,1.4847073902735246
811,type1,1.3167336469412743,0.949637884442858,0.7770125243259788,2,2.3266214190080037
812,type2,0.5086379907471823,0.2339163724646041,1.4213075122129755,4,2.678199397599223
813,type2,0.9868787448504055,0.5164080445588541,1.0831908042770975,1,2.1013209184731285
814,type3,1.0496923023070968,0.9828886403464165,1.09284018050811,4,1.3062890001679124
815,type1,1.0942590374138832,0.5350666923758319,0.85492466087701,1,2.4562328746723328
816,type1,1.5432008100347931,0.8771927702630906,0.5519893519777075,2,2.200502820199166
817,type3,1.0828371519055187,0.6298583699181879,0.5317437653729886,4,2.46250117869475
818,type3,1.1730404339337959,0.4377969171276417,0.9233351441531975,2,2.5394932457141746
819,type3,0.8563161963114911,0.35720519997328315,0.5845653780972379,4,2.95082073536949
820,type3,1.0598776874440101,0.2829007819774786,1.106846955540139,1,2.1471265600534197
821,type1,0.8409044408947273,0.7856183722399275,1.3809730056396574,1,1.6832822253812036
822,type1,0.6097938856526655,0.4478864561407251,1.3829148165187222,4,2.2969291138004744
823,type2,1.4051728900720668,0.560147915980676,1.1590454101322325,1,1.1368814184852523
824,type2,1.5023191978325243,0.5430929320010638,0.711231831472931,2,2.7947946366431724
825,type3,1.4292355190144217,0.6195511263098181,1.362996831358872,2,1.2387620226763936
826,type3,1.1952410657008585,0.879019431062097,1.3860934353132082,3,1.6556856757716365
827,type3,1.0696786702688448,0.9826654092250865,0.6966535849529587,1,2.631490761252242
828,type2,1.795000474357738,0.46682578771643524,1.2374260857706774,2,2.1946247566614234
829,type2,1.278622677704327,0.8447670298956728,0.786519548927123,4,1.7872710405548842
830,type2,1.2187728164445963,0.7880750151892458,1.3026403123529295,1,1.9468713187500428
831,type2,0.5384630987096535,0.6161760563100159,1.4972378999036027,2,2.7090947864043606
832,type2,1.0118717414392346,0.9604424292507397,0.5300260053293928,1,1.6800087721197843
833,type2,1.0702934281787857,0.2804270639755625,1.397365865790932,4,2.7392993696243426
834,type2,1.0982341713453507,0.19833778927865928,1.1226305335986582,2,1.176268861953383
835,type3,1.3702585538409984,0.8685657702598799,1.4733826191648212,3,2.5535968744172615
836,type3,1.3004038200903176,0.49523483497037346,0.9650095175264276,3,2.6950952661094725
837,type3,1.411857639190167,0.8622719687863544,1.3473879305713736,1,1.3636353056746775
838,type3,1.6473248923131925,0.9037811846758734,0.5623940685982772,4,1.8606930647444009
839,type2,1.7194786080741402,0.1562118342571643,0.8352790500782957,2,1.3309995493273112
840,type1,1.5771846143397417,0.8951182866874546,0.56701653775121,4,2.4132082579884355
841,type2,1.933285543932402,0.50348714983248,1.4753431334790705,2,2.0706955361233135
842,type1,0.5273488740145424,0.559389240103809,1.3169739072718367,1,2.270646693416642
843,type3,0.7936669785253192,0.6639332599838892,1.3525474212459705,2,1.3929739339124223
844,type2,0.5113443124672132,0.9337443460570781,1.4379652314338942,4,1.423491724104839
845,type3,1.4712120712319046,0.11720448498678764,0.5851034861197854,4,1.0829946510198127
846,type2,1.8470458234249802,0.5291591214860354,0.8855975925133334,1,1.6441350703914595
847,type3,0.8652234448644489,0.7189498381875046,0.5710348890440021,4,2.11948932266735
848,type1,1.89055181719446,0.7504362619284056,0.7107931015500286,2,2.7158698279946574
849,type1,0.5904010854343413,0.7232791883833972,0.7293657770376724,1,2.333854894917361
850,type1,1.9016540402082716,0.2209916164673097,0.9691072110475787,2,1.8707926467995029
851,type2,1.0274340308594516,0.3694560295345132,0.7685621674536426,4,2.906240228788276
852,type1,0.6521312426738248,0.42284397287531217,0.6009781068177611,1,2.4384904011516637
853,type2,1.2288076387794884,0.8239934869115545,0.6674910890941077,2,2.8603304057251
854,type1,0.885164851580762,0.35088388517309776,0.6472755635520909,4,2.055175946544331
855,type1,0.9273093529428842,0.2896344674804828,1.4730767979122983,4,1.5178085495862792
856,type2,0.9609349473894299,0.9617032171342865,1.2592925069184737,3,1.105653372729444
857,type2,1.7045388467489953,0.10797695660212202,1.4677614652695619,4,2.452169702967701
858,type1,1.3087419150128818,0.9980387701137804,0.9397404865079085,2,1.2426059960110682
859,type2,0.9669615487340055,0.7091391689716561,0.7783684816626566,1,1.6055502565439344
860,type1,1.4155006749663777,0.8456223695042053,1.2982931972091867,3,2.064941815767795
861,type2,1.5742260113347903,0.36515745671157385,0.8262539180411468,4,2.128833175559495
862,type3,0.9089360011003007,0.11288374990035399,0.7993833737053483,4,2.201166393974272
863,type3,1.1203236522880273,0.764082566705377,0.7325059922078312,4,1.3325106606994013
864,type3,0.6828291400054214,0.8507301373006082,0.6296789782242354,2,1.7594748096432975
865,type3,0.7717240243020205,0.7664285187581672,0.756463061016766,3,2.234388454233933
866,type3,1.5216767809474743,0.22856525857075474,0.8553197484738877,2,2.9396377292675693
867,type1,0.7721575215434404,0.7780851300312722,1.1739942081457304,3,2.4552622753993774
868,type3,1.2877450755005904,0.7920305038968769,0.5625648422194516,1,2.8452075141879156
869,type3,1.563569392583649,0.6926864641030493,0.710506939665343,2,2.524424116628354
870,type3,0.6603153846421157,0.7895043395160276,1.3090236402916764,2,2.183433937784801
871,type3,1.3509683294433552,0.861329295709959,0.6469219235837708,1,1.384046738272689
872,type2,0.8848441755520456,0.6522437028137126,0.8426451465225215,3,2.333371303785026
873,type1,1.9443903128563698,0.17974424257271115,1.36465892185814,4,2.246759131919814
874,type3,1.2253184700798871,0.5388650287004898,0.6549253111434427,1,2.204938340914533
875,type3,1.7089888246627372,0.16988440120444456,0.5827368356181899,4,1.9795717359764815
876,type3,1.3253398132343928,0.4667887279291878,0.9845379950800108,4,2.0573132079785514
877,type1,0.5651187992822287,0.4663958402130649,0.8024195112785364,1,1.6688850542362081
878,type2,1.4497270633910335,0.15940885972621743,1.0634083644838541,3,2.0386253852846066
879,type1,1.9271050133099856,0.41393848057253135,1.3038048904834751,4,1.3951118113569565
880,type2,1.4024177302194967,0.19989828891218336,0.6371484881527432,1,2.6103487947207533
881,type3,1.7287832891401853,0.8274116890083,1.080699084554285,2,1.3715539093974156
882,type3,1.8263096950226116,0.9529192233680237,1.0055087603898638,2,1.1699325797789328
883,type1,0.8421196579233987,0.16508482773214475,0.6440787860131996,2,1.8724920527143147
884,type1,0.81806725986234,0.9596036865625313,1.1239984855289824,1,2.316614879012124
885,type2,1.4164714832764875,0.5703189394030707,0.7736404178607716,2,1.8754336498670827
886,type2,1.1165427047100571,0.3696091101584865,0.9878343185440125,4,1.5535082639026172
887,type1,1.7597919543000806,0.16917586774854715,0.5822723242770619,2,2.1163423677808817
888,type2,1.8500346850970169,0.550561841263376,0.959584057213623,2,1.6940046708243999
889,type1,1.0301320689540772,0.8150639900416738,0.8064634680428203,4,2.865735380253266
890,type2,0.8553058384617231,0.7363778295400283,1.3223812111853543,2,2.845290279207144
891,type1,1.6707882728657928,0.1452034103175764,0.5569787269973683,4,2.004743639944191
892,type1,0.9122090533222041,0.16561165183111315,0.9186072749183299,2,1.655767988036517
893,type1,1.7339214777705176,0.46258595436937344,0.958431424131438,4,2.474264827913278
894,type2,1.1356073804731444,0.36576144464314897,1.2250060762991186,2,1.0734258869661333
895,type2,1.5013248489372057,0.3091458907504431,1.074287575090211,4,1.9495380120873025
896,type2,0.6433029707520023,0.3529040490178422,1.1672123371941812,1,1.672646788540667
897,type1,1.4357889870148595,0.8231344689671961,1.2770492856517561,4,2.8410717702051094
898,type2,1.1776515181058436,0.9363052482686685,1.3622029736581887,2,1.024006054545365
899,type2,1.3799126947632112,0.4645924250748098,0.8138754967224705,2,2.105629751436698
900,type1,0.7520213116172951,0.9154999019192473,1.038022705363903,3,2.481327162133252
901,type3,1.6053106174162732,0.3893461311230938,1.3401080784391999,4,1.9700359750480825
902,type1,1.794195616314843,0.5287932877094125,1.4894511309650564,1,1.1708060603254433
903,type2,0.8251097001361635,0.3034260980343998,1.3895193110437631,4,2.9449227800558044
904,type1,0.6435718332802426,0.6764284379582596,0.8714672626243768,4,2.0360208627521956
905,type3,0.5354578790695046,0.981083003657328,0.6951665172186504,1,2.2283724886380227
906,type1,1.462957250664899,0.6431437864390408,0.9893925374065887,4,1.4732195654150146
907,type2,1.410641054133171,0.42203267570219405,1.2416414518360424,1,1.9669961702136076
908,type3,1.320046119071105,0.6830357013914755,0.9925690707532976,1,1.8582989839166437
909,type2,0.8479206441739631,0.2106286106188488,0.9831808633136685,4,1.1497916840039675
910,type3,1.086358993858272,0.8997931722388588,1.3382304210818006,4,1.2123207070949344
911,type3,1.3917145027792595,0.5527755557018528,0.8614037790671863,2,2.6749450392375493
912,type1,1.245150288288754,0.5044147678356778,1.3597946748116456,2,1.4796399044131805
913,type1,1.981678280322331,0.6272783096081672,0.9068048009517236,3,1.389916542997261
914,type2,0.7046596288350997,0.6623054765104622,0.8282331056783394,3,2.0098229025002787
915,type1,1.5427168310713908,0.16459822560386173,0.953989911199699,4,2.537494262725026
916,type1,1.1064781521564382,0.7143554991010621,1.2624469586748686,1,1.1238930371579758
917,type3,1.1422994223884222,0.31773851228397665,0.6260020278639943,3,2.1536158392765117
918,type1,1.5763966484872642,0.7425573692559309,0.6964192158720174,4,1.2384208856811467
919,type3,1.5386542269865544,0.8402813149457771,1.451444825663092,3,1.072922101651237
920,type3,1.9868839905532825,0.8235626567972683,0.6754916273813574,1,1.1054879043244348
921,type3,0.6925914341811878,0.5972508706671003,1.0677273179310545,4,2.6683282164168824
922,type2,0.6561644740762496,0.568152903079676,1.0793144666619379,1,1.2359449672561231
923,type2,1.5865082256931118,0.22858836520547055,0.9896244620502448,4,1.090302728824584
924,type2,1.3675803755096136,0.797811535362822,1.1447452485768186,3,1.8757997742858246
925,type3,0.9112409998397089,0.3442684424020429,0.7298267257976184,2,2.6879869438840496
926,type2,0.6191290534834799,0.5470258805361519,1.052662267776748,3,1.5248167529786039
927,type2,0.6284873743946457,0.355846683634765,0.8721732552468971,3,1.8434252350518328
928,type1,1.8412863119961775,0.22044552669972384,1.161667259629189,2,1.0798450651275024
929,type2,0.7878009870781144,0.666601927202563,0.6412235433731495,2,1.8981570282697517
930,type2,0.9850573431732812,0.14889883134061346,1.0708774168394761,4,2.1552261612742676
931,type3,0.8399846033404821,0.77378071071358,0.6852703553833237,4,2.1418141075042896
932,type3,1.032494458747906,0.385828115735005,0.7786430631150364,1,1.6648533843487303
933,type3,0.60413576411914,0.1001212237040368,0.7187098003235832,1,1.631066361326271
934,type3,1.2785896863624056,0.5600162253135068,0.6828377798688171,3,1.2132472378731958
935,type3,0.6014188453883224,0.14216671767484282,1.325710951560667,2,1.7335966412925368
936,type3,1.7005347617335422,0.34855260203880956,0.7857075676608903,1,1.1989893377459293
937,type2,0.8505681228656495,0.7362788387101445,1.4271237818644493,3,2.5331918894241032
938,type3,1.3100178719067659,0.15642065945967928,1.469926525345191,2,2.932548595496372
939,type3,1.8201186313421873,0.8554046431204021,1.0712604699370973,4,2.940148913333414
940,type1,1.4763160535707913,0.10343793039272481,0.6430011226657264,3,2.7301421987507877
941,type2,1.299436679827003,0.322141482281712,0.8745482433795813,4,2.201584298679238
942,type2,0.9865006296730634,0.7668136505368643,1.297732263348214,1,2.4017313944877596
943,type2,0.999502869587297,0.3846431347563761,0.8673907286970705,1,1.5704116053608281
944,type3,1.5042304327972853,0.19170314925941218,0.5870172183027887,2,2.2615408403452415
945,type3,1.9912090418317514,0.4242105269203851,1.056784910928188,3,1.911299098879755
946,type3,1.492758784774068,0.343353957746073,1.3451208514960347,4,1.964034679553865
947,type1,1.3366751260550374,0.8584407119444994,1.2959263871435023,2,2.515553120750316
948,type3,1.595975765358869,0.38201312582662883,0.6751231401303532,1,1.5638367111945033
949,type1,1.1978084184255773,0.8100392245984065,1.1727646144124666,1,1.6360792233890398
950,type2,0.5902135139011778,0.9026849303296612,0.7205042634356471,3,2.8492835822572733
951,type3,1.3434452238168646,0.49043567761887663,0.7182075345521722,4,1.1124485897019445
952,type1,1.9364379267580702,0.9189488294689528,1.374071773305185,3,1.9712685968266808
953,type1,0.7629544135364894,0.43958624856687356,0.7496689527402302,4,2.825601600815723
954,type3,1.5350073362309986,0.9676705748410973,0.7632473465180112,4,2.220726015636314
955,type2,0.8014005329885847,0.18036057207301565,0.5006533907612996,3,2.092814148424264
956,type2,1.303741526709622,0.7183173398529185,1.3706690341255177,2,1.4994883584587104
957,type2,0.6450146744700794,0.5444326364112358,1.2925948132091347,3,1.6865509781288965
958,type1,1.1755564043872777,0.44888392491008233,1.127328935090678,3,2.7040968316093856
959,type1,1.634244993342869,0.6694406908737408,1.2502657639388421,1,2.1184362635369163
960,type1,1.021357286358473,0.733471382470898,0.6520485674244918,1,2.02948438751356
961,type1,1.4973675867308271,0.10392694268527819,0.9583235945875754,3,1.1991594270800578
962,type2,1.6931749411845938,0.2502577798724789,0.8512193873487809,3,1.0320563129102462
963,type3,1.890766729219179,0.7417414455708868,0.5937765262570165,1,2.927370377374098
964,type1,0.8519631227831803,0.6997468722203858,0.9861304852149241,4,1.7539723345736833
965,type1,1.0989738737139623,0.9694427546158095,1.4207396503426355,3,2.206426124199009
966,type2,0.7286240199956262,0.7849340112257047,0.5400591190506945,2,1.15943014637457
967,type3,1.9887252532375628,0.9556954369582042,0.7914609134937939,2,2.366228571446093
968,type3,1.890501451886443,0.7322864513813263,0.7075409362057035,2,2.865133417411922
969,type2,1.3099356954208394,0.3682469877754988,0.7381466536656963,3,2.1513305059948395
970,type2,1.763049941564632,0.19482843002577083,1.4084345518793753,4,1.2522306447508211
971,type3,1.2814369659080633,0.803641477010442,0.9680690542342901,4,2.1634430549469537
972,type1,1.4353785320041395,0.6797342993283243,0.9662994129398188,1,2.5326944262093045
973,type3,0.6336866481740249,0.14336741115396662,1.2605756424552823,3,1.8128330731480373
974,type2,1.632905630745212,0.42404541931088047,0.6544922040049258,4,2.7596754958829357
975,type1,0.6915702254528522,0.9611198339358575,0.9872653541000508,3,2.297365906714729
976,type1,1.7391014453787925,0.5503610311391811,0.9299852141210597,1,2.798497836578405
977,type2,1.6730421315055788,0.48945622241773423,1.0969106905466561,1,2.2470106224946744
978,type2,1.5631170466144646,0.5119296446433645,1.4995577032504386,1,1.2625759440096485
979,type2,0.5542405707871432,0.2879944516046474,1.2694488940820472,2,1.6193834222103782
980,type3,0.9546925339179929,0.4318364537783157,0.8978657030174272,3,1.4035898965049138
981,type3,0.8946688548662642,0.432831930388459,1.3275530522740469,1,2.8176529954337246
982,type1,1.0402046112072787,0.14711951816872518,0.6707083633124802,3,2.5208001345749653
983,type2,0.6314641201457578,0.7908108656661265,0.5304636863089601,2,2.352796737820012
984,type1,1.9054367345465941,0.47485398871349105,0.704448372464273,2,1.6019326392632434
985,type1,1.3307033610685643,0.839961898134781,0.8404115561142597,1,1.368089544100427
986,type1,0.9582864659870354,0.8653132010079059,1.01058075745956,1,2.512902175977824
987,type1,1.0954722756114252,0.2907946492287923,1.1151291405411998,4,1.9483158917581593
988,type2,1.1708038107572536,0.6916181339531157,1.4106057172144217,3,1.4515791043012582
989,type1,1.4008915000409259,0.5250536237466835,1.0098540095504576,1,2.23324395633055
990,type2,1.2735191415447467,0.8921410641293366,1.0012756446257294,4,1.080667704276904
991,type2,1.879087959821626,0.2941666112588087,0.5502430098229821,3,1.652340508256507
992,type3,1.2454452243587455,0.7100318802790397,0.5349115526562238,1,1.9371139891822693
993,type2,1.988237022234969,0.6469769100274503,1.051159961916372,4,1.2959166682188117
994,type3,1.7771374366176436,0.36577132981464955,0.9381786132483445,4,2.9693089551816794
995,type2,0.8127657715360037,0.22294081328605536,1.3391803949802985,3,1.4181947291792285
996,type2,1.8958928219658744,0.6864757844295489,0.6606795847118452,4,1.260706260086531
997,type2,0.6745495968282141,0.7647377123190976,0.5249716621170496,3,1.4070697477737928
998,type3,1.7261745627367873,0.38406460938701503,0.9490387679301259,3,2.5381222663194487
999,type3,1.0709349402148702,0.6803493436200824,0.7374785567522575,3,1.8510113185436856
1000,type1,1.8169614806676042,0.45561781685035296,0.5496143733388374,2,2.130831879505076
